date,Voltage,ChargeCapacity
6/21/2018 20:21,3.576401711,0
6/21/2018 20:23,3.575814247,0
6/21/2018 20:25,3.575202942,0
6/21/2018 20:27,3.574509621,0
6/21/2018 20:29,3.573856354,0
6/21/2018 20:31,3.573313713,0
6/21/2018 20:33,3.572934151,0
6/21/2018 20:35,3.572692871,0
6/21/2018 20:37,3.572960854,0
6/21/2018 20:39,3.573086739,0
6/21/2018 20:41,3.57324028,0
6/21/2018 20:43,3.573255539,0
6/21/2018 20:45,3.573324203,0
6/21/2018 20:47,3.573371887,0
6/21/2018 20:49,3.573371887,0
6/21/2018 20:51,3.573461533,0
6/21/2018 20:53,3.573532104,0
6/21/2018 20:55,3.573531151,0
6/21/2018 20:57,3.573595047,0
6/21/2018 20:59,3.573651314,0
6/21/2018 21:01,3.573672295,0
6/21/2018 21:03,3.573803902,0
6/21/2018 21:05,3.573799133,0
6/21/2018 21:07,3.573843002,0
6/21/2018 21:09,3.573838234,0
6/21/2018 21:11,3.573967934,0
6/21/2018 21:13,3.574004173,0
6/21/2018 21:15,3.574057579,0
6/21/2018 21:17,3.574101448,0
6/21/2018 21:19,3.574062347,0
6/21/2018 21:21,3.574158669,0
6/21/2018 21:23,3.574180603,0
6/21/2018 21:25,3.57419014,0
6/21/2018 21:27,3.574309349,0
6/21/2018 21:29,3.574275017,0
6/21/2018 21:31,3.574356079,0
6/21/2018 21:33,3.574355125,0
6/21/2018 21:35,3.574383736,0
6/21/2018 21:37,3.574477196,0
6/21/2018 21:39,3.574483871,0
6/21/2018 21:41,3.574542999,0
6/21/2018 21:43,3.574604034,0
6/21/2018 21:45,3.574647903,0
6/21/2018 21:47,3.574762344,0
6/21/2018 21:49,3.574759483,0
6/21/2018 21:51,3.574892044,0
6/21/2018 21:53,3.574923515,0
6/21/2018 21:55,3.574973106,0
6/21/2018 21:57,3.574964523,0
6/21/2018 21:59,3.575056076,0
6/21/2018 22:01,3.57508564,0
6/21/2018 22:03,3.575172424,0
6/21/2018 22:05,3.57515049,0
6/21/2018 22:07,3.57526207,0
6/21/2018 22:09,3.575316429,0
6/21/2018 22:11,3.575325012,0
6/21/2018 22:13,3.575379372,0
6/21/2018 22:15,3.575479507,0
6/21/2018 22:17,3.575564384,0
6/21/2018 22:19,3.575551987,0
6/21/2018 22:21,4.200017929,0.058057077
6/21/2018 22:23,4.258426666,0.166466847
6/21/2018 22:25,4.280506134,0.275127351
6/21/2018 22:27,4.307832718,0.383792371
6/21/2018 22:29,4.333396912,0.492451549
6/21/2018 22:31,4.358968735,0.601111829
6/21/2018 22:33,4.385650635,0.70978415
6/21/2018 22:35,4.399989128,0.817501247
6/21/2018 22:37,4.399990082,0.918630302
6/21/2018 22:39,4.400043488,1.012471199
6/21/2018 22:41,4.400015831,1.099671602
6/21/2018 22:43,4.400005341,1.181185961
6/21/2018 22:45,4.399960518,1.257762074
6/21/2018 22:47,4.399982452,1.329988122
6/21/2018 22:49,4.399973869,1.398322105
6/21/2018 22:51,4.39999485,1.463171363
6/21/2018 22:53,4.399983406,1.524974346
6/21/2018 22:55,4.400025368,1.583927631
6/21/2018 22:57,4.399986267,1.640320897
6/21/2018 22:59,4.400005341,1.694313526
6/21/2018 23:01,4.399964333,1.746091127
6/21/2018 23:03,4.399972916,1.795783162
6/21/2018 23:05,4.400054932,1.843485117
6/21/2018 23:07,4.39999485,1.889330149
6/21/2018 23:09,4.39999485,1.933409452
6/21/2018 23:11,4.399970055,1.975791454
6/21/2018 23:13,4.399980545,2.016571045
6/21/2018 23:15,4.399920464,2.055797815
6/21/2018 23:17,4.399973869,2.093539238
6/21/2018 23:19,4.39999485,2.12985754
6/21/2018 23:21,4.400033951,2.164781094
6/21/2018 23:23,4.400015831,2.198388577
6/21/2018 23:25,4.400001526,2.230736971
6/21/2018 23:27,4.400046349,2.261851788
6/21/2018 23:29,4.399953842,2.291781425
6/21/2018 23:31,4.399977684,2.320582151
6/21/2018 23:33,4.399925232,2.348286629
6/21/2018 23:35,4.400025368,2.374944925
6/21/2018 23:37,4.399905205,2.40058136
6/21/2018 23:39,4.400017738,2.425246954
6/21/2018 23:41,4.399975777,2.44897604
6/21/2018 23:43,4.399989128,2.471800327
6/21/2018 23:45,4.399977684,2.488243818
6/21/2018 23:47,4.256407738,2.488246441
6/21/2018 23:49,4.238385201,2.488246441
6/21/2018 23:51,4.233345032,2.488246441
6/21/2018 23:53,3.302373886,2.488246441
6/21/2018 23:55,3.250101089,2.488246441
6/21/2018 23:57,3.177636147,2.488246441
6/21/2018 23:59,3.102643013,2.488246441
6/22/2018 0:01,3.020334244,2.488246441
6/22/2018 0:03,2.999995232,2.488246441
6/22/2018 0:05,3.83690834,2.488246441
6/22/2018 0:07,3.853124619,2.488246441
6/22/2018 0:09,3.856343269,2.488246441
6/22/2018 0:11,4.20006752,0.017494546
6/22/2018 0:13,4.31061554,0.125906333
6/22/2018 0:15,4.341393471,0.234578222
6/22/2018 0:17,4.387013435,0.343234628
6/22/2018 0:19,4.399995804,0.44624427
6/22/2018 0:21,4.39993,0.532967389
6/22/2018 0:23,4.399978638,0.606641829
6/22/2018 0:25,4.400006294,0.670592785
6/22/2018 0:27,4.40000248,0.727197289
6/22/2018 0:29,4.400007248,0.778179884
6/22/2018 0:31,4.400009155,0.82470572
6/22/2018 0:33,4.399987221,0.867565334
6/22/2018 0:35,4.399945259,0.907324135
6/22/2018 0:37,4.400044441,0.944439352
6/22/2018 0:39,4.400020599,0.979253411
6/22/2018 0:41,4.40002346,1.012009621
6/22/2018 0:43,4.400006294,1.042905211
6/22/2018 0:45,4.399974823,1.072064519
6/22/2018 0:47,4.399974823,1.099646807
6/22/2018 0:49,4.399999619,1.125750065
6/22/2018 0:51,4.399991035,1.150491118
6/22/2018 0:53,4.400043488,1.173941731
6/22/2018 0:55,4.400022507,1.194959879
6/22/2018 0:57,4.26566124,1.194960237
6/22/2018 0:59,4.251403809,1.194960237
6/22/2018 1:01,4.247509956,1.194960237
6/22/2018 1:03,3.296809196,1.194960237
6/22/2018 1:05,3.237230301,1.194960237
6/22/2018 1:07,3.161275864,1.194960237
6/22/2018 1:09,3.086379051,1.194960237
6/22/2018 1:11,2.999979973,1.194960237
6/22/2018 1:13,3.855273247,1.194960237
6/22/2018 1:15,3.872860909,1.194960237
6/22/2018 1:17,3.876511574,1.194960237
6/22/2018 1:19,4.200072289,0.014817519
6/22/2018 1:21,4.309679031,0.123225018
6/22/2018 1:23,4.349600792,0.231890023
6/22/2018 1:25,4.40003109,0.340470731
6/22/2018 1:27,4.400003433,0.437550694
6/22/2018 1:29,4.400021553,0.518076658
6/22/2018 1:31,4.399956703,0.586330771
6/22/2018 1:33,4.399971962,0.645698488
6/22/2018 1:35,4.400000572,0.698363543
6/22/2018 1:37,4.399969101,0.74591136
6/22/2018 1:39,4.400029182,0.789332151
6/22/2018 1:41,4.400005341,0.829363763
6/22/2018 1:43,4.399964333,0.866528511
6/22/2018 1:45,4.399982452,0.901181221
6/22/2018 1:47,4.400003433,0.9336043
6/22/2018 1:49,4.399980545,0.964041531
6/22/2018 1:51,4.399977684,0.992656946
6/22/2018 1:53,4.399980545,1.019611835
6/22/2018 1:55,4.399993896,1.045118093
6/22/2018 1:57,4.400021553,1.069304109
6/22/2018 1:59,4.399972916,1.092256308
6/22/2018 2:01,4.39999485,1.104292154
6/22/2018 2:03,4.269369125,1.104295135
6/22/2018 2:05,4.256146431,1.104295135
6/22/2018 2:07,4.252741814,1.104295135
6/22/2018 2:09,3.316129684,1.104295135
6/22/2018 2:11,3.251707077,1.104295135
6/22/2018 2:13,3.170819283,1.104295135
6/22/2018 2:15,3.09311676,1.104295135
6/22/2018 2:17,3.001351357,1.104295135
6/22/2018 2:19,2.999978065,1.104295135
6/22/2018 2:21,3.854113579,1.104295135
6/22/2018 2:23,3.872580528,1.104295135
6/22/2018 2:25,3.876401901,1.104295135
6/22/2018 2:27,4.200060844,0.016174274
6/22/2018 2:29,4.302477837,0.124589421
6/22/2018 2:31,4.339710236,0.233252451
6/22/2018 2:33,4.39203167,0.341909081
6/22/2018 2:35,4.400020599,0.442333758
6/22/2018 2:37,4.400030136,0.524899185
6/22/2018 2:39,4.400013924,0.594059527
6/22/2018 2:41,4.40007782,0.65358609
6/22/2018 2:43,4.400012016,0.706128836
6/22/2018 2:45,4.399991989,0.753414631
6/22/2018 2:47,4.399982452,0.796559215
6/22/2018 2:49,4.399949074,0.836311758
6/22/2018 2:51,4.399996758,0.873161614
6/22/2018 2:53,4.399968147,0.907474339
6/22/2018 2:55,4.399953842,0.939507782
6/22/2018 2:57,4.400004387,0.969492733
6/22/2018 2:59,4.39995575,0.997614741
6/22/2018 3:01,4.400039673,1.024065614
6/22/2018 3:03,4.399969101,1.048973322
6/22/2018 3:05,4.400022507,1.072449088
6/22/2018 3:07,4.399967194,1.090466022
6/22/2018 3:09,4.268050194,1.090468645
6/22/2018 3:11,4.255020142,1.090468645
6/22/2018 3:13,4.251676559,1.090468645
6/22/2018 3:15,3.304450035,1.090468645
6/22/2018 3:17,3.239053726,1.090468645
6/22/2018 3:19,3.157513618,1.090468645
6/22/2018 3:21,3.074371338,1.090468645
6/22/2018 3:23,2.999997139,1.090468645
6/22/2018 3:25,3.862734795,1.090468645
6/22/2018 3:27,3.880951881,1.090468645
6/22/2018 3:29,3.884852409,1.090468645
6/22/2018 3:31,4.200054169,0.010539216
6/22/2018 3:33,4.319300652,0.118948929
6/22/2018 3:35,4.356654167,0.227607742
6/22/2018 3:37,4.399997711,0.335888416
6/22/2018 3:39,4.40004921,0.430802256
6/22/2018 3:41,4.400003433,0.509222388
6/22/2018 3:43,4.400006294,0.575402737
6/22/2018 3:45,4.399974823,0.632813096
6/22/2018 3:47,4.400034904,0.68355459
6/22/2018 3:49,4.400046349,0.729113638
6/22/2018 3:51,4.400020599,0.770612478
6/22/2018 3:53,4.400017738,0.808882713
6/22/2018 3:55,4.400027275,0.844405293
6/22/2018 3:57,4.400019646,0.87753135
6/22/2018 3:59,4.400029182,0.908504128
6/22/2018 4:01,4.400053978,0.937517643
6/22/2018 4:03,4.400012016,0.964750707
6/22/2018 4:05,4.400047302,0.990352213
6/22/2018 4:07,4.399991989,1.01446104
6/22/2018 4:09,4.400013924,1.037188053
6/22/2018 4:11,4.400012016,1.042852521
6/22/2018 4:13,4.268883705,1.042854786
6/22/2018 4:15,4.256162643,1.042854786
6/22/2018 4:17,4.252984047,1.042854786
6/22/2018 4:19,3.308609009,1.042854786
6/22/2018 4:21,3.24227047,1.042854786
6/22/2018 4:23,3.160208702,1.042854786
6/22/2018 4:25,3.076140404,1.042854786
6/22/2018 4:27,2.999992371,1.042854786
6/22/2018 4:29,3.861564636,1.042854786
6/22/2018 4:31,3.880291939,1.042854786
6/22/2018 4:33,3.884405136,1.042854786
6/22/2018 4:35,4.200045586,0.010074265
6/22/2018 4:37,4.322301865,0.118487149
6/22/2018 4:39,4.360478401,0.227149472
6/22/2018 4:41,4.400020599,0.335093826
6/22/2018 4:43,4.400012016,0.42894429
6/22/2018 4:45,4.400024414,0.506851912
6/22/2018 4:47,4.400025368,0.573003769
6/22/2018 4:49,4.400006294,0.63067776
6/22/2018 4:51,4.399982452,0.681868255
6/22/2018 4:53,4.400045395,0.728106022
6/22/2018 4:55,4.400035858,0.770487607
6/22/2018 4:57,4.4000597,0.809576511
6/22/2018 4:59,4.400012016,0.845672786
6/22/2018 5:01,4.399991035,0.879144311
6/22/2018 5:03,4.399979591,0.910399258
6/22/2018 5:05,4.400040627,0.939767003
6/22/2018 5:07,4.400003433,0.96745193
6/22/2018 5:09,4.400032997,0.993577898
6/22/2018 5:11,4.400006294,1.018225551
6/22/2018 5:13,4.399983406,1.041457295
6/22/2018 5:15,4.400011063,1.054619908
6/22/2018 5:17,4.272806168,1.054621458
6/22/2018 5:19,4.260547638,1.054621458
6/22/2018 5:21,4.257499695,1.054621458
6/22/2018 5:23,3.327988625,1.054621458
6/22/2018 5:25,3.256851196,1.054621458
6/22/2018 5:27,3.173492432,1.054621458
6/22/2018 5:29,3.089743614,1.054621458
6/22/2018 5:31,2.999994278,1.054621458
6/22/2018 5:33,3.857266426,1.054621458
6/22/2018 5:35,3.876495361,1.054621458
6/22/2018 5:37,3.880736351,1.054621458
6/22/2018 5:39,4.200124741,0.011752632
6/22/2018 5:41,4.320017815,0.120163985
6/22/2018 5:43,4.357771873,0.228832886
6/22/2018 5:45,4.399957657,0.337004751
6/22/2018 5:47,4.399964333,0.431771785
6/22/2018 5:49,4.400014877,0.510593235
6/22/2018 5:51,4.400014877,0.577504277
6/22/2018 5:53,4.40004921,0.635615647
6/22/2018 5:55,4.400012016,0.687064588
6/22/2018 5:57,4.399995804,0.733612359
6/22/2018 5:59,4.400014877,0.776303649
6/22/2018 6:01,4.400045395,0.815714717
6/22/2018 6:03,4.399940491,0.852366805
6/22/2018 6:05,4.400009155,0.886593282
6/22/2018 6:07,4.400038719,0.918508947
6/22/2018 6:09,4.399967194,0.948210001
6/22/2018 6:11,4.400009155,0.975893855
6/22/2018 6:13,4.400053024,1.001812339
6/22/2018 6:15,4.39994812,1.026148677
6/22/2018 6:17,4.400068283,1.04906249
6/22/2018 6:19,4.399989128,1.057734609
6/22/2018 6:21,4.26985836,1.057734847
6/22/2018 6:23,4.25737381,1.057734847
6/22/2018 6:25,4.254309654,1.057734847
6/22/2018 6:27,3.315452576,1.057734847
6/22/2018 6:29,3.246377945,1.057734847
6/22/2018 6:31,3.162632942,1.057734847
6/22/2018 6:33,3.078164101,1.057734847
6/22/2018 6:35,2.999983788,1.057734847
6/22/2018 6:37,3.860061646,1.057734847
6/22/2018 6:39,3.878915787,1.057734847
6/22/2018 6:41,3.883199692,1.057734847
6/22/2018 6:43,4.200084686,0.010225946
6/22/2018 6:45,4.324192047,0.118644275
6/22/2018 6:47,4.364304543,0.22730422
6/22/2018 6:49,4.39999485,0.334682733
6/22/2018 6:51,4.399959564,0.427043855
6/22/2018 6:53,4.399963379,0.503762603
6/22/2018 6:55,4.399978638,0.56888324
6/22/2018 6:57,4.399991035,0.625701129
6/22/2018 6:59,4.400000572,0.67641592
6/22/2018 7:01,4.400004387,0.722325027
6/22/2018 7:03,4.400028229,0.764230847
6/22/2018 7:05,4.399989128,0.802893996
6/22/2018 7:07,4.399986267,0.838904977
6/22/2018 7:09,4.399972916,0.87261039
6/22/2018 7:11,4.400026321,0.904242158
6/22/2018 7:13,4.399974823,0.933991671
6/22/2018 7:15,4.400014877,0.961997867
6/22/2018 7:17,4.399998665,0.988286793
6/22/2018 7:19,4.400007248,1.012915492
6/22/2018 7:21,4.399974823,1.035951495
6/22/2018 7:23,4.400022507,1.044548392
6/22/2018 7:25,4.270625114,1.044550419
6/22/2018 7:27,4.258262634,1.044550419
6/22/2018 7:29,4.255174637,1.044550419
6/22/2018 7:31,3.319377899,1.044550419
6/22/2018 7:33,3.249276161,1.044550419
6/22/2018 7:35,3.166415215,1.044550419
6/22/2018 7:37,3.082532883,1.044550419
6/22/2018 7:39,2.999995232,1.044550419
6/22/2018 7:41,3.85844326,1.044550419
6/22/2018 7:43,3.877515793,1.044550419
6/22/2018 7:45,3.881837845,1.044550419
6/22/2018 7:47,4.200057983,0.010633532
6/22/2018 7:49,4.324132919,0.119044751
6/22/2018 7:51,4.363902092,0.227707684
6/22/2018 7:53,4.400042534,0.335158437
6/22/2018 7:55,4.400006294,0.427592993
6/22/2018 7:57,4.399996758,0.504123211
6/22/2018 7:59,4.399999619,0.569146991
6/22/2018 8:01,4.39999485,0.625925064
6/22/2018 8:03,4.399991989,0.676580131
6/22/2018 8:05,4.399947166,0.722590566
6/22/2018 8:07,4.399991989,0.76498884
6/22/2018 8:09,4.399980545,0.804312527
6/22/2018 8:11,4.399988174,0.84087348
6/22/2018 8:13,4.399971962,0.874979317
6/22/2018 8:15,4.400014877,0.906966448
6/22/2018 8:17,4.399972916,0.937017202
6/22/2018 8:19,4.399982452,0.965319991
6/22/2018 8:21,4.400032997,0.992069304
6/22/2018 8:23,4.400009155,1.017412066
6/22/2018 8:25,4.399996758,1.041335225
6/22/2018 8:27,4.400000572,1.063809991
6/22/2018 8:29,4.399992943,1.064731121
6/22/2018 8:31,4.274907112,1.064733624
6/22/2018 8:33,4.263025284,1.064733624
6/22/2018 8:35,4.260030746,1.064733624
6/22/2018 8:37,3.335330009,1.064733624
6/22/2018 8:39,3.261807442,1.064733624
6/22/2018 8:41,3.176687241,1.064733624
6/22/2018 8:43,3.092946053,1.064733624
6/22/2018 8:45,2.999982834,1.064733624
6/22/2018 8:47,3.856138229,1.064733624
6/22/2018 8:49,3.875529289,1.064733624
6/22/2018 8:51,3.879868507,1.064733624
6/22/2018 8:53,4.200098038,0.012104515
6/22/2018 8:55,4.318937302,0.120513201
6/22/2018 8:57,4.35787487,0.229173392
6/22/2018 8:59,4.400015831,0.337298542
6/22/2018 9:01,4.400036812,0.431727409
6/22/2018 9:03,4.400063515,0.50969559
6/22/2018 9:05,4.400003433,0.575486898
6/22/2018 9:07,4.399913788,0.632701755
6/22/2018 9:09,4.399971962,0.683602989
6/22/2018 9:11,4.399977684,0.729632795
6/22/2018 9:13,4.400016785,0.77178663
6/22/2018 9:15,4.399950981,0.810761094
6/22/2018 9:17,4.400042534,0.846948564
6/22/2018 9:19,4.400003433,0.880662739
6/22/2018 9:21,4.40003109,0.912222803
6/22/2018 9:23,4.399989128,0.941853583
6/22/2018 9:25,4.39999485,0.969673812
6/22/2018 9:27,4.400006294,0.995799124
6/22/2018 9:29,4.399970055,1.020413756
6/22/2018 9:31,4.40003109,1.043707252
6/22/2018 9:33,4.400013924,1.060900331
6/22/2018 9:35,4.271564484,1.060901523
6/22/2018 9:37,4.259274483,1.060901523
6/22/2018 9:39,4.256186485,1.060901523
6/22/2018 9:41,3.330341339,1.060901523
6/22/2018 9:43,3.256554604,1.060901523
6/22/2018 9:45,3.171330452,1.060901523
6/22/2018 9:47,3.085515022,1.060901523
6/22/2018 9:49,2.999990463,1.060901523
6/22/2018 9:51,3.857158661,1.060901523
6/22/2018 9:53,3.876430511,1.060901523
6/22/2018 9:55,3.880779266,1.060901523
6/22/2018 9:57,4.200092316,0.011160026
6/22/2018 9:59,4.322314262,0.119570084
6/22/2018 10:01,4.361674309,0.228224158
6/22/2018 10:03,4.400022507,0.335902512
6/22/2018 10:05,4.400005341,0.428795338
6/22/2018 10:07,4.400025368,0.505586028
6/22/2018 10:09,4.400008202,0.570465207
6/22/2018 10:11,4.400012016,0.626763701
6/22/2018 10:13,4.4000597,0.676945865
6/22/2018 10:15,4.400040627,0.722470701
6/22/2018 10:17,4.400048256,0.764239848
6/22/2018 10:19,4.399964333,0.802893579
6/22/2018 10:21,4.400025368,0.8388713
6/22/2018 10:23,4.400020599,0.872435153
6/22/2018 10:25,4.400020599,0.903837681
6/22/2018 10:27,4.399991035,0.933275402
6/22/2018 10:29,4.399986267,0.960984588
6/22/2018 10:31,4.400022507,0.987084508
6/22/2018 10:33,4.399999619,1.011627555
6/22/2018 10:35,4.399952888,1.034702539
6/22/2018 10:37,4.399986267,1.046814799
6/22/2018 10:39,4.269726753,1.046815991
6/22/2018 10:41,4.257172585,1.046815991
6/22/2018 10:43,4.254081726,1.046815991
6/22/2018 10:45,3.330546379,1.046815991
6/22/2018 10:47,3.263362885,1.046815991
6/22/2018 10:49,3.181247711,1.046815991
6/22/2018 10:51,3.096630096,1.046815991
6/22/2018 10:53,2.99998951,1.046815991
6/22/2018 10:55,3.850516319,1.046815991
6/22/2018 10:57,3.870128632,1.046815991
6/22/2018 10:59,3.874596596,1.046815991
6/22/2018 11:01,4.20006752,0.013413712
6/22/2018 11:03,4.316643715,0.121833488
6/22/2018 11:05,4.353164673,0.23049286
6/22/2018 11:07,4.400033951,0.339045942
6/22/2018 11:09,4.40002346,0.435931861
6/22/2018 11:11,4.400007248,0.516366482
6/22/2018 11:13,4.400024414,0.584351957
6/22/2018 11:15,4.399996758,0.643264592
6/22/2018 11:17,4.400014877,0.695405483
6/22/2018 11:19,4.400014877,0.742509723
6/22/2018 11:21,4.39998436,0.785660088
6/22/2018 11:23,4.400003433,0.825504839
6/22/2018 11:25,4.400111198,0.862538636
6/22/2018 11:27,4.399974823,0.897131443
6/22/2018 11:29,4.39997673,0.929468751
6/22/2018 11:31,4.399996758,0.959730387
6/22/2018 11:33,4.399990082,0.98814708
6/22/2018 11:35,4.40001297,1.014891028
6/22/2018 11:37,4.400006294,1.040077329
6/22/2018 11:39,4.399988174,1.063807487
6/22/2018 11:41,4.400025368,1.084466219
6/22/2018 11:43,4.271295547,1.084467769
6/22/2018 11:45,4.258867264,1.084467769
6/22/2018 11:47,4.25571537,1.084467769
6/22/2018 11:49,3.329166412,1.084467769
6/22/2018 11:51,3.258444786,1.084467769
6/22/2018 11:53,3.176383972,1.084467769
6/22/2018 11:55,3.09307766,1.084467769
6/22/2018 11:57,3,1.084467769
6/22/2018 11:59,3.853460312,1.084467769
6/22/2018 12:01,3.872781754,1.084467769
6/22/2018 12:03,3.877100945,1.084467769
6/22/2018 12:05,4.200094223,0.01264897
6/22/2018 12:07,4.318120956,0.121074803
6/22/2018 12:09,4.355576515,0.229732066
6/22/2018 12:11,4.399987221,0.338063687
6/22/2018 12:13,4.400012016,0.433346748
6/22/2018 12:15,4.400033951,0.512020707
6/22/2018 12:17,4.400019646,0.578294098
6/22/2018 12:19,4.400053024,0.635634482
6/22/2018 12:21,4.40002346,0.686371088
6/22/2018 12:23,4.399969101,0.732134223
6/22/2018 12:25,4.400045395,0.774134278
6/22/2018 12:27,4.400007248,0.813035667
6/22/2018 12:29,4.400014877,0.849246919
6/22/2018 12:31,4.399977684,0.883091629
6/22/2018 12:33,4.399991989,0.914788067
6/22/2018 12:35,4.400006294,0.944441259
6/22/2018 12:37,4.399983406,0.972218037
6/22/2018 12:39,4.399991989,0.998394191
6/22/2018 12:41,4.399967194,1.023152709
6/22/2018 12:43,4.399970055,1.04659462
6/22/2018 12:45,4.399969101,1.065618634
6/22/2018 12:47,4.270012856,1.065619349
6/22/2018 12:49,4.257394791,1.065619349
6/22/2018 12:51,4.254273415,1.065619349
6/22/2018 12:53,3.322404861,1.065619349
6/22/2018 12:55,3.250730515,1.065619349
6/22/2018 12:57,3.169055939,1.065619349
6/22/2018 12:59,3.085598946,1.065619349
6/22/2018 13:01,2.999992371,1.065619349
6/22/2018 13:03,3.854356766,1.065619349
6/22/2018 13:05,3.873492241,1.065619349
6/22/2018 13:07,3.877857208,1.065619349
6/22/2018 13:09,4.2000494,0.013107218
6/22/2018 13:11,4.317148209,0.121519081
6/22/2018 13:13,4.357083321,0.230175182
6/22/2018 13:15,4.400015831,0.338294864
6/22/2018 13:17,4.399995804,0.432673305
6/22/2018 13:19,4.400012016,0.510713995
6/22/2018 13:21,4.400090218,0.576653659
6/22/2018 13:23,4.40000248,0.633833647
6/22/2018 13:25,4.400027275,0.684505999
6/22/2018 13:27,4.400042534,0.730178535
6/22/2018 13:29,4.399989128,0.771956682
6/22/2018 13:31,4.399978638,0.810652316
6/22/2018 13:33,4.399962425,0.846718729
6/22/2018 13:35,4.399990082,0.880429924
6/22/2018 13:37,4.400078773,0.912030637
6/22/2018 13:39,4.399988174,0.941688895
6/22/2018 13:41,4.40001297,0.969467938
6/22/2018 13:43,4.400006294,0.995538652
6/22/2018 13:45,4.399981499,1.020084262
6/22/2018 13:47,4.399969101,1.043324232
6/22/2018 13:49,4.399974823,1.060191989
6/22/2018 13:51,4.269665718,1.060194135
6/22/2018 13:53,4.257002831,1.060194135
6/22/2018 13:55,4.253826141,1.060194135
6/22/2018 13:57,3.328562737,1.060194135
6/22/2018 13:59,3.254778862,1.060194135
6/22/2018 14:01,3.170258522,1.060194135
6/22/2018 14:03,3.086461067,1.060194135
6/22/2018 14:05,2.999991417,1.060194135
6/22/2018 14:07,3.853550911,1.060194135
6/22/2018 14:09,3.872665405,1.060194135
6/22/2018 14:11,3.876940727,1.060194135
6/22/2018 14:13,4.200080872,0.014010333
6/22/2018 14:15,4.313275337,0.122424215
6/22/2018 14:17,4.352417946,0.231083274
6/22/2018 14:19,4.399995804,0.33950603
6/22/2018 14:21,4.400075912,0.435091525
6/22/2018 14:23,4.399977684,0.513846159
6/22/2018 14:25,4.399990082,0.580269158
6/22/2018 14:27,4.40003109,0.637910903
6/22/2018 14:29,4.400032997,0.689049363
6/22/2018 14:31,4.39999485,0.735236704
6/22/2018 14:33,4.399977684,0.777478039
6/22/2018 14:35,4.399989128,0.816435933
6/22/2018 14:37,4.400006294,0.852677822
6/22/2018 14:39,4.400007248,0.886529863
6/22/2018 14:41,4.400039673,0.918193102
6/22/2018 14:43,4.400016785,0.947826505
6/22/2018 14:45,4.39998436,0.975591242
6/22/2018 14:47,4.400020599,1.001575947
6/22/2018 14:49,4.400000572,1.025958896
6/22/2018 14:51,4.40000248,1.048925281
6/22/2018 14:53,4.399952888,1.059399843
6/22/2018 14:55,4.268864632,1.059402823
6/22/2018 14:57,4.256118774,1.059402823
6/22/2018 14:59,4.252916336,1.059402823
6/22/2018 15:01,3.324145317,1.059402823
6/22/2018 15:03,3.251377106,1.059402823
6/22/2018 15:05,3.167457581,1.059402823
6/22/2018 15:07,3.079724312,1.059402823
6/22/2018 15:09,2.999973297,1.059402823
6/22/2018 15:11,3.857327461,1.059402823
6/22/2018 15:13,3.876244545,1.059402823
6/22/2018 15:15,3.880446434,1.059402823
6/22/2018 15:17,4.200094223,0.011436764
6/22/2018 15:19,4.319973946,0.119844913
6/22/2018 15:21,4.358642578,0.228512287
6/22/2018 15:23,4.399996758,0.336507827
6/22/2018 15:25,4.400015831,0.430397123
6/22/2018 15:27,4.399965286,0.507793307
6/22/2018 15:29,4.400016785,0.573049307
6/22/2018 15:31,4.399997711,0.629461586
6/22/2018 15:33,4.400012016,0.679332674
6/22/2018 15:35,4.399986267,0.724268258
6/22/2018 15:37,4.399972916,0.765372872
6/22/2018 15:39,4.400009155,0.803313017
6/22/2018 15:41,4.39999485,0.838568389
6/22/2018 15:43,4.400025368,0.871604621
6/22/2018 15:45,4.399982452,0.902643144
6/22/2018 15:47,4.400005341,0.931825638
6/22/2018 15:49,4.400020599,0.959278584
6/22/2018 15:51,4.400019646,0.985119283
6/22/2018 15:53,4.400060654,1.009391308
6/22/2018 15:55,4.399980545,1.032192945
6/22/2018 15:57,4.400029182,1.038426399
6/22/2018 15:59,4.268447876,1.038427591
6/22/2018 16:01,4.255655289,1.038427591
6/22/2018 16:03,4.252447128,1.038427591
6/22/2018 16:05,3.320903778,1.038427591
6/22/2018 16:07,3.249417305,1.038427591
6/22/2018 16:09,3.166765213,1.038427591
6/22/2018 16:11,3.081753731,1.038427591
6/22/2018 16:13,2.999999046,1.038427591
6/22/2018 16:15,3.855989456,1.038427591
6/22/2018 16:17,3.875178337,1.038427591
6/22/2018 16:19,3.879353523,1.038427591
6/22/2018 16:21,4.200122833,0.010921374
6/22/2018 16:23,4.323468208,0.119336255
6/22/2018 16:25,4.361591339,0.228007317
6/22/2018 16:27,4.400058746,0.335852444
6/22/2018 16:29,4.400000572,0.429574519
6/22/2018 16:31,4.400014877,0.507478714
6/22/2018 16:33,4.400022507,0.573607266
6/22/2018 16:35,4.400014877,0.630941212
6/22/2018 16:37,4.39997673,0.681615829
6/22/2018 16:39,4.399991989,0.727196038
6/22/2018 16:41,4.400051117,0.768699765
6/22/2018 16:43,4.400034904,0.806897104
6/22/2018 16:45,4.400050163,0.842367887
6/22/2018 16:47,4.400052071,0.875531793
6/22/2018 16:49,4.400007248,0.906722069
6/22/2018 16:51,4.400060654,0.936182141
6/22/2018 16:53,4.399980545,0.963974833
6/22/2018 16:55,4.400009155,0.990190625
6/22/2018 16:57,4.400024414,1.014930487
6/22/2018 16:59,4.400007248,1.038232446
6/22/2018 17:01,4.400017738,1.05095613
6/22/2018 17:03,4.270359039,1.050957322
6/22/2018 17:05,4.25772953,1.050957322
6/22/2018 17:07,4.254644394,1.050957322
6/22/2018 17:09,3.329000473,1.050957322
6/22/2018 17:11,3.257547379,1.050957322
6/22/2018 17:13,3.174559593,1.050957322
6/22/2018 17:15,3.090566635,1.050957322
6/22/2018 17:17,2.999979019,1.050957322
6/22/2018 17:19,3.853099823,1.050957322
6/22/2018 17:21,3.87233448,1.050957322
6/22/2018 17:23,3.876717567,1.050957322
6/22/2018 17:25,4.200032234,0.01272323
6/22/2018 17:27,4.318943024,0.121133044
6/22/2018 17:29,4.356993675,0.229805037
6/22/2018 17:31,4.400019646,0.338067442
6/22/2018 17:33,4.399982452,0.433453262
6/22/2018 17:35,4.40004158,0.512770355
6/22/2018 17:37,4.399988174,0.580152094
6/22/2018 17:39,4.399987221,0.638820529
6/22/2018 17:41,4.400008202,0.690999985
6/22/2018 17:43,4.400025368,0.737939358
6/22/2018 17:45,4.399990082,0.780501842
6/22/2018 17:47,4.400017738,0.819469988
6/22/2018 17:49,4.39996624,0.855414152
6/22/2018 17:51,4.400020599,0.888786495
6/22/2018 17:53,4.399974823,0.919935286
6/22/2018 17:55,4.399947166,0.949199021
6/22/2018 17:57,4.399969101,0.976832271
6/22/2018 17:59,4.400003433,1.002902508
6/22/2018 18:01,4.399990082,1.027465582
6/22/2018 18:03,4.400025368,1.050616145
6/22/2018 18:05,4.399986267,1.062895417
6/22/2018 18:07,4.269924164,1.062897921
6/22/2018 18:09,4.257253647,1.062897921
6/22/2018 18:11,4.2541399,1.062897921
6/22/2018 18:13,3.322611809,1.062897921
6/22/2018 18:15,3.248547554,1.062897921
6/22/2018 18:17,3.164079666,1.062897921
6/22/2018 18:19,3.08012867,1.062897921
6/22/2018 18:21,2.999983788,1.062897921
6/22/2018 18:23,3.857262611,1.062897921
6/22/2018 18:25,3.876326561,1.062897921
6/22/2018 18:27,3.880496025,1.062897921
6/22/2018 18:29,4.200120926,0.011305179
6/22/2018 18:31,4.322891235,0.119714841
6/22/2018 18:33,4.364312172,0.228376567
6/22/2018 18:35,4.399913788,0.33563742
6/22/2018 18:37,4.400008202,0.427441418
6/22/2018 18:39,4.400003433,0.503388524
6/22/2018 18:41,4.400011063,0.567864954
6/22/2018 18:43,4.399974823,0.624114037
6/22/2018 18:45,4.399981499,0.67430985
6/22/2018 18:47,4.40002346,0.719914198
6/22/2018 18:49,4.399999619,0.761804402
6/22/2018 18:51,4.399946213,0.800482154
6/22/2018 18:53,4.399978638,0.838366091
6/22/2018 18:55,4.400000572,0.875610888
6/22/2018 18:57,4.400009155,0.908741593
6/22/2018 18:59,4.400015831,0.937860429
6/22/2018 19:01,4.399974823,0.964538097
6/22/2018 19:03,4.399989128,0.989591956
6/22/2018 19:05,4.399957657,1.013200641
6/22/2018 19:07,4.400005341,1.03556335
6/22/2018 19:09,4.400014877,1.036430478
6/22/2018 19:11,4.267956734,1.03643167
6/22/2018 19:13,4.255116463,1.03643167
6/22/2018 19:15,4.251838684,1.03643167
6/22/2018 19:17,3.321700096,1.03643167
6/22/2018 19:19,3.246520996,1.03643167
6/22/2018 19:21,3.162339211,1.03643167
6/22/2018 19:23,3.076674461,1.03643167
6/22/2018 19:25,2.999986649,1.03643167
6/22/2018 19:27,3.857690811,1.03643167
6/22/2018 19:29,3.876667023,1.03643167
6/22/2018 19:31,3.88079834,1.03643167
6/22/2018 19:33,4.200035095,0.011212847
6/22/2018 19:35,4.322052956,0.119622327
6/22/2018 19:37,4.362125397,0.228294343
6/22/2018 19:39,4.40001297,0.33582142
6/22/2018 19:41,4.400012016,0.428063542
6/22/2018 19:43,4.400030136,0.504176557
6/22/2018 19:45,4.400036812,0.568552256
6/22/2018 19:47,4.400020599,0.62450403
6/22/2018 19:49,4.400034904,0.674257338
6/22/2018 19:51,4.399991989,0.71938473
6/22/2018 19:53,4.399993896,0.760832071
6/22/2018 19:55,4.400032997,0.799202979
6/22/2018 19:57,4.399964333,0.834879279
6/22/2018 19:59,4.40000248,0.868265152
6/22/2018 20:01,4.40004158,0.899508297
6/22/2018 20:03,4.399953842,0.928769708
6/22/2018 20:05,4.399993896,0.956231177
6/22/2018 20:07,4.400025368,0.982075572
6/22/2018 20:09,4.400006294,1.006418109
6/22/2018 20:11,4.400008202,1.029375553
6/22/2018 20:13,4.400014877,1.039941907
6/22/2018 20:15,4.270125389,1.039945245
6/22/2018 20:17,4.257526398,1.039945245
6/22/2018 20:19,4.254293442,1.039945245
6/22/2018 20:21,3.331616402,1.039945245
6/22/2018 20:23,3.255949974,1.039945245
6/22/2018 20:25,3.171701431,1.039945245
6/22/2018 20:27,3.08762455,1.039945245
6/22/2018 20:29,3.000005722,1.039945245
6/22/2018 20:31,3.852673531,1.039945245
6/22/2018 20:33,3.87202549,1.039945245
6/22/2018 20:35,3.876288414,1.039945245
6/22/2018 20:37,4.200068474,0.013590834
6/22/2018 20:39,4.314822197,0.122002795
6/22/2018 20:41,4.353012085,0.230664849
6/22/2018 20:43,4.399971962,0.33912915
6/22/2018 20:45,4.40004921,0.434962422
6/22/2018 20:47,4.399952888,0.513899922
6/22/2018 20:49,4.399971962,0.580192089
6/22/2018 20:51,4.400001526,0.637366951
6/22/2018 20:53,4.400011063,0.687929988
6/22/2018 20:55,4.399987221,0.733462334
6/22/2018 20:57,4.399971008,0.775103211
6/22/2018 20:59,4.399986267,0.81366837
6/22/2018 21:01,4.399927139,0.849629581
6/22/2018 21:03,4.400032043,0.883250475
6/22/2018 21:05,4.400017738,0.91477114
6/22/2018 21:07,4.400000572,0.944391429
6/22/2018 21:09,4.400042534,0.972218692
6/22/2018 21:11,4.40002346,0.998369098
6/22/2018 21:13,4.400044441,1.022982359
6/22/2018 21:15,4.399972916,1.046183586
6/22/2018 21:17,4.39996624,1.061370134
6/22/2018 21:19,4.26953125,1.061371207
6/22/2018 21:21,4.25675106,1.061371207
6/22/2018 21:23,4.253554344,1.061371207
6/22/2018 21:25,3.329275131,1.061371207
6/22/2018 21:27,3.255640984,1.061371207
6/22/2018 21:29,3.169379234,1.061371207
6/22/2018 21:31,3.081449509,1.061371207
6/22/2018 21:33,2.999995232,1.061371207
6/22/2018 21:35,3.856333733,1.061371207
6/22/2018 21:37,3.875535011,1.061371207
6/22/2018 21:39,3.879713058,1.061371207
6/22/2018 21:41,4.200137138,0.011072565
6/22/2018 21:43,4.321866989,0.119492851
6/22/2018 21:45,4.360753059,0.228149667
6/22/2018 21:47,4.399998665,0.335942507
6/22/2018 21:49,4.400047302,0.429237008
6/22/2018 21:51,4.399921417,0.50627327
6/22/2018 21:53,4.399967194,0.571226716
6/22/2018 21:55,4.40000248,0.627361178
6/22/2018 21:57,4.400035858,0.677017927
6/22/2018 21:59,4.400006294,0.721794009
6/22/2018 22:01,4.400028229,0.762763321
6/22/2018 22:03,4.399978638,0.800600231
6/22/2018 22:05,4.400058746,0.835847437
6/22/2018 22:07,4.400052071,0.86890173
6/22/2018 22:09,4.400004387,0.899952114
6/22/2018 22:11,4.399945259,0.92915684
6/22/2018 22:13,4.400062561,0.956682265
6/22/2018 22:15,4.399924278,0.982621849
6/22/2018 22:17,4.399943352,1.007056832
6/22/2018 22:19,4.399967194,1.030112863
6/22/2018 22:21,4.399992943,1.041798472
6/22/2018 22:23,4.269229889,1.041800618
6/22/2018 22:25,4.25645256,1.041800618
6/22/2018 22:27,4.253158569,1.041800618
6/22/2018 22:29,3.331954002,1.041800618
6/22/2018 22:31,3.256063461,1.041800618
6/22/2018 22:33,3.170188904,1.041800618
6/22/2018 22:35,3.081953049,1.041800618
6/22/2018 22:37,2.999999046,1.041800618
6/22/2018 22:39,3.856290817,1.041800618
6/22/2018 22:41,3.875512123,1.041800618
6/22/2018 22:43,3.879756927,1.041800618
6/22/2018 22:45,4.200032234,0.011239091
6/22/2018 22:47,4.322339058,0.119650275
6/22/2018 22:49,4.362405777,0.228314146
6/22/2018 22:51,4.399997711,0.33593595
6/22/2018 22:53,4.400013924,0.428701073
6/22/2018 22:55,4.399991989,0.505391836
6/22/2018 22:57,4.399964333,0.570197642
6/22/2018 22:59,4.400001526,0.626430869
6/22/2018 23:01,4.399968147,0.676242054
6/22/2018 23:03,4.400075912,0.721103251
6/22/2018 23:05,4.400010109,0.762046933
6/22/2018 23:07,4.399986267,0.799840868
6/22/2018 23:09,4.399988174,0.834953249
6/22/2018 23:11,4.399947166,0.867772162
6/22/2018 23:13,4.400003433,0.89862448
6/22/2018 23:15,4.399971962,0.927679062
6/22/2018 23:17,4.400025368,0.955056429
6/22/2018 23:19,4.399997711,0.980864286
6/22/2018 23:21,4.399974823,1.005246162
6/22/2018 23:23,4.400015831,1.028303146
6/22/2018 23:25,4.399997711,1.040194035
6/22/2018 23:27,4.269420624,1.040195227
6/22/2018 23:29,4.256661415,1.040195227
6/22/2018 23:31,4.253351212,1.040195227
6/22/2018 23:33,3.33475399,1.040195227
6/22/2018 23:35,3.259449005,1.040195227
6/22/2018 23:37,3.174633026,1.040195227
6/22/2018 23:39,3.087557793,1.040195227
6/22/2018 23:41,2.999998093,1.040195227
6/22/2018 23:43,3.853582382,1.040195227
6/22/2018 23:45,3.872947693,1.040195227
6/22/2018 23:47,3.877249718,1.040195227
6/22/2018 23:49,4.200055122,0.012163205
6/22/2018 23:51,4.321246147,0.120568864
6/22/2018 23:53,4.360581398,0.229218274
6/22/2018 23:55,4.400011063,0.337085456
6/22/2018 23:57,4.399981499,0.430707633
6/22/2018 23:59,4.399973869,0.508377552
6/23/2018 0:01,4.400022507,0.574202478
6/23/2018 0:03,4.399991989,0.631364226
6/23/2018 0:05,4.399970055,0.682082415
6/23/2018 0:07,4.400057793,0.727739096
6/23/2018 0:09,4.400033951,0.769288778
6/23/2018 0:11,4.40001297,0.807487845
6/23/2018 0:13,4.400065422,0.842879355
6/23/2018 0:15,4.399971962,0.875911474
6/23/2018 0:17,4.399983406,0.906848252
6/23/2018 0:19,4.39999485,0.935945153
6/23/2018 0:21,4.399998665,0.96341759
6/23/2018 0:23,4.400011063,0.989390969
6/23/2018 0:25,4.400008202,1.013934493
6/23/2018 0:27,4.399989128,1.037142515
6/23/2018 0:29,4.399991989,1.052389264
6/23/2018 0:31,4.269276619,1.052390933
6/23/2018 0:33,4.256436348,1.052390933
6/23/2018 0:35,4.253120422,1.052390933
6/23/2018 0:37,3.329506874,1.052390933
6/23/2018 0:39,3.257138252,1.052390933
6/23/2018 0:41,3.173372269,1.052390933
6/23/2018 0:43,3.086010933,1.052390933
6/23/2018 0:45,2.999999046,1.052390933
6/23/2018 0:47,3.85439682,1.052390933
6/23/2018 0:49,3.873688698,1.052390933
6/23/2018 0:51,3.878029823,1.052390933
6/23/2018 0:53,4.200091362,0.011557302
6/23/2018 0:55,4.323357582,0.119969301
6/23/2018 0:57,4.362844467,0.228632778
6/23/2018 0:59,4.400039673,0.336242229
6/23/2018 1:01,4.399993896,0.429043025
6/23/2018 1:03,4.400024414,0.505830288
6/23/2018 1:05,4.399971962,0.571045399
6/23/2018 1:07,4.40004921,0.627893329
6/23/2018 1:09,4.400035858,0.678488195
6/23/2018 1:11,4.400012016,0.72426796
6/23/2018 1:13,4.39997673,0.766160846
6/23/2018 1:15,4.400001526,0.80468297
6/23/2018 1:17,4.40000248,0.840294838
6/23/2018 1:19,4.399977684,0.873414755
6/23/2018 1:21,4.400007248,0.904355168
6/23/2018 1:23,4.400009155,0.933339
6/23/2018 1:25,4.400022507,0.960596442
6/23/2018 1:27,4.399985313,0.986393988
6/23/2018 1:29,4.399957657,1.010863304
6/23/2018 1:31,4.399989128,1.034054637
6/23/2018 1:33,4.400006294,1.048719883
6/23/2018 1:35,4.268937111,1.048722386
6/23/2018 1:37,4.25609684,1.048722386
6/23/2018 1:39,4.252776146,1.048722386
6/23/2018 1:41,3.328176498,1.048722386
6/23/2018 1:43,3.254874229,1.048722386
6/23/2018 1:45,3.171032906,1.048722386
6/23/2018 1:47,3.08604908,1.048722386
6/23/2018 1:49,2.999992371,1.048722386
6/23/2018 1:51,3.85402298,1.048722386
6/23/2018 1:53,3.873291969,1.048722386
6/23/2018 1:55,3.877605438,1.048722386
6/23/2018 1:57,4.200040817,0.011894591
6/23/2018 1:59,4.322072029,0.120313764
6/23/2018 2:01,4.361365318,0.228976458
6/23/2018 2:03,4.400022507,0.336792409
6/23/2018 2:05,4.400017738,0.430176735
6/23/2018 2:07,4.400000572,0.507447541
6/23/2018 2:09,4.400022507,0.572741926
6/23/2018 2:11,4.400028229,0.629542351
6/23/2018 2:13,4.400053024,0.680042982
6/23/2018 2:15,4.39999485,0.725700855
6/23/2018 2:17,4.400020599,0.767418623
6/23/2018 2:19,4.399991989,0.805930793
6/23/2018 2:21,4.399972916,0.841662705
6/23/2018 2:23,4.399938583,0.87492007
6/23/2018 2:25,4.399996758,0.905997872
6/23/2018 2:27,4.400020599,0.935170054
6/23/2018 2:29,4.39999485,0.962679923
6/23/2018 2:31,4.400007248,0.98860687
6/23/2018 2:33,4.39999485,1.013080835
6/23/2018 2:35,4.400019646,1.036257982
6/23/2018 2:37,4.399988174,1.05166626
6/23/2018 2:39,4.26943779,1.051668763
6/23/2018 2:41,4.256575584,1.051668763
6/23/2018 2:43,4.25327301,1.051668763
6/23/2018 2:45,3.329465866,1.051668763
6/23/2018 2:47,3.254403114,1.051668763
6/23/2018 2:49,3.170333862,1.051668763
6/23/2018 2:51,3.086065292,1.051668763
6/23/2018 2:53,2.999986649,1.051668763
6/23/2018 2:55,3.853147507,1.051668763
6/23/2018 2:57,3.872471809,1.051668763
6/23/2018 2:59,3.87686348,1.051668763
6/23/2018 3:01,4.200091362,0.012522371
6/23/2018 3:03,4.32123661,0.120946258
6/23/2018 3:05,4.360321999,0.2296056
6/23/2018 3:07,4.400075912,0.337476909
6/23/2018 3:09,4.400048256,0.431083709
6/23/2018 3:11,4.399983406,0.508493662
6/23/2018 3:13,4.40003109,0.573841929
6/23/2018 3:15,4.399981499,0.630497217
6/23/2018 3:17,4.400001526,0.680863261
6/23/2018 3:19,4.400063515,0.726412356
6/23/2018 3:21,4.399971962,0.768137276
6/23/2018 3:23,4.400042534,0.8066625
6/23/2018 3:25,4.399991035,0.842429221
6/23/2018 3:27,4.400066376,0.875677288
6/23/2018 3:29,4.399997711,0.906700253
6/23/2018 3:31,4.400009155,0.935754597
6/23/2018 3:33,4.39999485,0.963071346
6/23/2018 3:35,4.39998436,0.988802195
6/23/2018 3:37,4.400067329,1.013098121
6/23/2018 3:39,4.399958611,1.036070585
6/23/2018 3:41,4.399965286,1.048233747
6/23/2018 3:43,4.267326355,1.048235297
6/23/2018 3:45,4.254201889,1.048235297
6/23/2018 3:47,4.250862122,1.048235297
6/23/2018 3:49,3.325033188,1.048235297
6/23/2018 3:51,3.251226425,1.048235297
6/23/2018 3:53,3.167050362,1.048235297
6/23/2018 3:55,3.082414627,1.048235297
6/23/2018 3:57,2.999999046,1.048235297
6/23/2018 3:59,3.853060722,1.048235297
6/23/2018 4:01,3.872303963,1.048235297
6/23/2018 4:03,3.876602173,1.048235297
6/23/2018 4:05,4.200080872,0.013149976
6/23/2018 4:07,4.319109917,0.121578179
6/23/2018 4:09,4.360198021,0.230249688
6/23/2018 4:11,4.399977684,0.338078529
6/23/2018 4:13,4.399982452,0.431419313
6/23/2018 4:15,4.400026321,0.508652508
6/23/2018 4:17,4.399964333,0.573943019
6/23/2018 4:19,4.399961472,0.630581677
6/23/2018 4:21,4.400068283,0.68085587
6/23/2018 4:23,4.400022507,0.726397812
6/23/2018 4:25,4.400003433,0.768207133
6/23/2018 4:27,4.400084496,0.806908011
6/23/2018 4:29,4.399958611,0.842912674
6/23/2018 4:31,4.399980545,0.876500785
6/23/2018 4:33,4.399996758,0.907820642
6/23/2018 4:35,4.400012016,0.937072694
6/23/2018 4:37,4.399977684,0.964477539
6/23/2018 4:39,4.399964333,0.990261078
6/23/2018 4:41,4.400008202,1.014561057
6/23/2018 4:43,4.399959564,1.037502646
6/23/2018 4:45,4.400014877,1.047705054
6/23/2018 4:47,4.267248154,1.047705412
6/23/2018 4:49,4.253967285,1.047705412
6/23/2018 4:51,4.250688553,1.047705412
6/23/2018 4:53,3.325669289,1.047705412
6/23/2018 4:55,3.252696991,1.047705412
6/23/2018 4:57,3.172250748,1.047705412
6/23/2018 4:59,3.088562965,1.047705412
6/23/2018 5:01,2.999997139,1.047705412
6/23/2018 5:03,3.851198196,1.047705412
6/23/2018 5:05,3.870500565,1.047705412
6/23/2018 5:07,3.874754906,1.047705412
6/23/2018 5:09,4.200055122,0.013779159
6/23/2018 5:11,4.317077637,0.122187965
6/23/2018 5:13,4.356523514,0.230850637
6/23/2018 5:15,4.400009155,0.339056134
6/23/2018 5:17,4.399999619,0.433786154
6/23/2018 5:19,4.399934769,0.512090266
6/23/2018 5:21,4.400017738,0.578212202
6/23/2018 5:23,4.399987221,0.635556281
6/23/2018 5:25,4.400016785,0.686372757
6/23/2018 5:27,4.400017738,0.732223749
6/23/2018 5:29,4.399989128,0.77428633
6/23/2018 5:31,4.399981499,0.813183963
6/23/2018 5:33,4.400036812,0.849352777
6/23/2018 5:35,4.400022507,0.883145511
6/23/2018 5:37,4.40003109,0.914780796
6/23/2018 5:39,4.399993896,0.944385707
6/23/2018 5:41,4.400039673,0.972106278
6/23/2018 5:43,4.399980545,0.998102248
6/23/2018 5:45,4.400010109,1.022548795
6/23/2018 5:47,4.399981499,1.045593381
6/23/2018 5:49,4.399983406,1.05686152
6/23/2018 5:51,4.267025948,1.056865215
6/23/2018 5:53,4.253811836,1.056865215
6/23/2018 5:55,4.25039959,1.056865215
6/23/2018 5:57,3.324069023,1.056865215
6/23/2018 5:59,3.251605034,1.056865215
6/23/2018 6:01,3.167136192,1.056865215
6/23/2018 6:03,3.084410667,1.056865215
6/23/2018 6:05,2.999977112,1.056865215
6/23/2018 6:07,3.85249424,1.056865215
6/23/2018 6:09,3.871603012,1.056865215
6/23/2018 6:11,3.875908852,1.056865215
6/23/2018 6:13,4.200065613,0.012797466
6/23/2018 6:15,4.319052696,0.121210158
6/23/2018 6:17,4.358193398,0.22988151
6/23/2018 6:19,4.400019646,0.337958902
6/23/2018 6:21,4.39999485,0.432238698
6/23/2018 6:23,4.399964333,0.510289252
6/23/2018 6:25,4.399999619,0.576120317
6/23/2018 6:27,4.400027275,0.633049548
6/23/2018 6:29,4.399950027,0.683442235
6/23/2018 6:31,4.399971962,0.728833139
6/23/2018 6:33,4.39997673,0.770316422
6/23/2018 6:35,4.400029182,0.808720171
6/23/2018 6:37,4.400015831,0.844561338
6/23/2018 6:39,4.399971962,0.878130436
6/23/2018 6:41,4.400054932,0.90963012
6/23/2018 6:43,4.400008202,0.939240456
6/23/2018 6:45,4.400026321,0.96702832
6/23/2018 6:47,4.399987221,0.993056178
6/23/2018 6:49,4.400028229,1.017474771
6/23/2018 6:51,4.399996758,1.040453315
6/23/2018 6:53,4.400017738,1.050792813
6/23/2018 6:55,4.266862869,1.05079484
6/23/2018 6:57,4.253528595,1.05079484
6/23/2018 6:59,4.250235558,1.05079484
6/23/2018 7:01,3.316549301,1.05079484
6/23/2018 7:03,3.24287796,1.05079484
6/23/2018 7:05,3.16146946,1.05079484
6/23/2018 7:07,3.076636314,1.05079484
6/23/2018 7:09,2.999986649,1.05079484
6/23/2018 7:11,3.855548859,1.05079484
6/23/2018 7:13,3.874549866,1.05079484
6/23/2018 7:15,3.878716469,1.05079484
6/23/2018 7:17,4.200055122,0.012242134
6/23/2018 7:19,4.319702148,0.120660782
6/23/2018 7:21,4.360466957,0.229318708
6/23/2018 7:23,4.399983406,0.337026417
6/23/2018 7:25,4.399998665,0.429942638
6/23/2018 7:27,4.399991035,0.506812811
6/23/2018 7:29,4.399924278,0.571826935
6/23/2018 7:31,4.400020599,0.62815696
6/23/2018 7:33,4.399980545,0.678002775
6/23/2018 7:35,4.400054932,0.722842395
6/23/2018 7:37,4.400003433,0.76374948
6/23/2018 7:39,4.400019646,0.801455975
6/23/2018 7:41,4.400004387,0.836540282
6/23/2018 7:43,4.399986267,0.869406581
6/23/2018 7:45,4.400020599,0.900287092
6/23/2018 7:47,4.399980545,0.929331303
6/23/2018 7:49,4.400010109,0.956696093
6/23/2018 7:51,4.399971962,0.982472658
6/23/2018 7:53,4.400020599,1.006701112
6/23/2018 7:55,4.400025368,1.029524922
6/23/2018 7:57,4.399999619,1.036780119
6/23/2018 7:59,4.267210007,1.036782622
6/23/2018 8:01,4.253958702,1.036782622
6/23/2018 8:03,4.250564575,1.036782622
6/23/2018 8:05,3.319124222,1.036782622
6/23/2018 8:07,3.243408203,1.036782622
6/23/2018 8:09,3.158250809,1.036782622
6/23/2018 8:11,3.072262764,1.036782622
6/23/2018 8:13,2.999997139,1.036782622
6/23/2018 8:15,3.857671738,1.036782622
6/23/2018 8:17,3.876578331,1.036782622
6/23/2018 8:19,3.880703926,1.036782622
6/23/2018 8:21,4.200105667,0.011928762
6/23/2018 8:23,4.317325592,0.120352194
6/23/2018 8:25,4.359205246,0.229010925
6/23/2018 8:27,4.400016785,0.336613774
6/23/2018 8:29,4.400011063,0.428795129
6/23/2018 8:31,4.399991989,0.504765272
6/23/2018 8:33,4.399975777,0.569099367
6/23/2018 8:35,4.399991035,0.625045002
6/23/2018 8:37,4.399969101,0.674830377
6/23/2018 8:39,4.400012016,0.719851792
6/23/2018 8:41,4.399997711,0.760923564
6/23/2018 8:43,4.40000248,0.79869765
6/23/2018 8:45,4.400051117,0.833653986
6/23/2018 8:47,4.400032043,0.866215408
6/23/2018 8:49,4.400044441,0.896724224
6/23/2018 8:51,4.40003109,0.925464988
6/23/2018 8:53,4.399973869,0.952511191
6/23/2018 8:55,4.400036812,0.978002429
6/23/2018 8:57,4.400009155,1.002051711
6/23/2018 8:59,4.400035858,1.0246737
6/23/2018 9:01,4.400029182,1.028342128
6/23/2018 9:03,4.268133163,1.028345466
6/23/2018 9:05,4.255098343,1.028345466
6/23/2018 9:07,4.251752853,1.028345466
6/23/2018 9:09,3.321527481,1.028345466
6/23/2018 9:11,3.245993614,1.028345466
6/23/2018 9:13,3.16136837,1.028345466
6/23/2018 9:15,3.074980736,1.028345466
6/23/2018 9:17,2.999998093,1.028345466
6/23/2018 9:19,3.85759449,1.028345466
6/23/2018 9:21,3.876455307,1.028345466
6/23/2018 9:23,3.880625725,1.028345466
6/23/2018 9:25,4.200078964,0.011328013
6/23/2018 9:27,4.319867134,0.119739026
6/23/2018 9:29,4.35908699,0.228402793
6/23/2018 9:31,4.400036812,0.336319715
6/23/2018 9:33,4.400001526,0.429588437
6/23/2018 9:35,4.400051117,0.506121099
6/23/2018 9:37,4.399972916,0.570304394
6/23/2018 9:39,4.400017738,0.625774443
6/23/2018 9:41,4.39993763,0.675067723
6/23/2018 9:43,4.400012016,0.719675243
6/23/2018 9:45,4.39999485,0.760517478
6/23/2018 9:47,4.399989128,0.798231602
6/23/2018 9:49,4.40004158,0.833182275
6/23/2018 9:51,4.399970055,0.865658939
6/23/2018 9:53,4.40000248,0.895956814
6/23/2018 9:55,4.400006294,0.924400389
6/23/2018 9:57,4.399987221,0.951249182
6/23/2018 9:59,4.400009155,0.976627409
6/23/2018 10:01,4.400017738,1.000617385
6/23/2018 10:03,4.399986267,1.023278832
6/23/2018 10:05,4.400012016,1.028383493
6/23/2018 10:07,4.268076897,1.028384686
6/23/2018 10:09,4.254981041,1.028384686
6/23/2018 10:11,4.251601219,1.028384686
6/23/2018 10:13,3.318639755,1.028384686
6/23/2018 10:15,3.242305756,1.028384686
6/23/2018 10:17,3.156938553,1.028384686
6/23/2018 10:19,3.069979668,1.028384686
6/23/2018 10:21,3,1.028384686
6/23/2018 10:23,3.860178947,1.028384686
6/23/2018 10:25,3.879098892,1.028384686
6/23/2018 10:27,3.883253098,1.028384686
6/23/2018 10:29,4.200108528,0.009406108
6/23/2018 10:31,4.326407433,0.117839426
6/23/2018 10:33,4.366069794,0.22649695
6/23/2018 10:35,4.400038719,0.333622754
6/23/2018 10:37,4.399991989,0.425023258
6/23/2018 10:39,4.400032043,0.500614643
6/23/2018 10:41,4.400016785,0.564362884
6/23/2018 10:43,4.400033951,0.619343996
6/23/2018 10:45,4.400020599,0.667898238
6/23/2018 10:47,4.399999619,0.711762071
6/23/2018 10:49,4.399977684,0.752023935
6/23/2018 10:51,4.400017738,0.789350212
6/23/2018 10:53,4.399991989,0.824133217
6/23/2018 10:55,4.400028229,0.856655657
6/23/2018 10:57,4.39996624,0.887087345
6/23/2018 10:59,4.399999619,0.91554153
6/23/2018 11:01,4.400035858,0.942241967
6/23/2018 11:03,4.399988174,0.967459261
6/23/2018 11:05,4.399975777,0.991302907
6/23/2018 11:07,4.399983406,1.013824701
6/23/2018 11:09,4.39999485,1.017849684
6/23/2018 11:11,4.268724442,1.017852306
6/23/2018 11:13,4.255738258,1.017852306
6/23/2018 11:15,4.252378464,1.017852306
6/23/2018 11:17,3.324838638,1.017852306
6/23/2018 11:19,3.247247696,1.017852306
6/23/2018 11:21,3.160561562,1.017852306
6/23/2018 11:23,3.072853088,1.017852306
6/23/2018 11:25,2.99998188,1.017852306
6/23/2018 11:27,3.858570099,1.017852306
6/23/2018 11:29,3.877667427,1.017852306
6/23/2018 11:31,3.881884575,1.017852306
6/23/2018 11:33,4.200037956,0.010035684
6/23/2018 11:35,4.326411247,0.11845386
6/23/2018 11:37,4.366514206,0.227107093
6/23/2018 11:39,4.40002346,0.334258705
6/23/2018 11:41,4.400012016,0.426100612
6/23/2018 11:43,4.40003109,0.502347648
6/23/2018 11:45,4.399991035,0.566931129
6/23/2018 11:47,4.400030136,0.622915506
6/23/2018 11:49,4.400045395,0.672396839
6/23/2018 11:51,4.400008202,0.716739595
6/23/2018 11:53,4.400006294,0.757057309
6/23/2018 11:55,4.400025368,0.79421705
6/23/2018 11:57,4.399974823,0.828821719
6/23/2018 11:59,4.399998665,0.861205935
6/23/2018 12:01,4.400012016,0.891590714
6/23/2018 12:03,4.39996624,0.920117199
6/23/2018 12:05,4.400024414,0.946932793
6/23/2018 12:07,4.399992943,0.972132564
6/23/2018 12:09,4.400015831,0.995918453
6/23/2018 12:11,4.400024414,1.018462658
6/23/2018 12:13,4.399969101,1.02309978
6/23/2018 12:15,4.268585205,1.02310133
6/23/2018 12:17,4.255486488,1.02310133
6/23/2018 12:19,4.252234459,1.02310133
6/23/2018 12:21,3.329115868,1.02310133
6/23/2018 12:23,3.249279022,1.02310133
6/23/2018 12:25,3.161831856,1.02310133
6/23/2018 12:27,3.07237339,1.02310133
6/23/2018 12:29,3,1.02310133
6/23/2018 12:31,3.859142303,1.02310133
6/23/2018 12:33,3.878346443,1.02310133
6/23/2018 12:35,3.882466316,1.02310133
6/23/2018 12:37,4.200035095,0.009674412
6/23/2018 12:39,4.328639984,0.118085362
6/23/2018 12:41,4.37071991,0.226749077
6/23/2018 12:43,4.399971962,0.333141655
6/23/2018 12:45,4.400000572,0.423307687
6/23/2018 12:47,4.400032997,0.498122215
6/23/2018 12:49,4.400009155,0.561843812
6/23/2018 12:51,4.400028229,0.617466509
6/23/2018 12:53,4.400001526,0.666826427
6/23/2018 12:55,4.400003433,0.71128577
6/23/2018 12:57,4.400025368,0.751887202
6/23/2018 12:59,4.399988174,0.789207399
6/23/2018 13:01,4.400027275,0.823764563
6/23/2018 13:03,4.400040627,0.856048167
6/23/2018 13:05,4.400004387,0.886371672
6/23/2018 13:07,4.400010109,0.914932728
6/23/2018 13:09,4.399950027,0.941887259
6/23/2018 13:11,4.400003433,0.96731925
6/23/2018 13:13,4.399993896,0.991317689
6/23/2018 13:15,4.400003433,1.013906598
6/23/2018 13:17,4.400039673,1.018257976
6/23/2018 13:19,4.268344879,1.018259645
6/23/2018 13:21,4.255237579,1.018259645
6/23/2018 13:23,4.251878738,1.018259645
6/23/2018 13:25,3.326826096,1.018259645
6/23/2018 13:27,3.249174118,1.018259645
6/23/2018 13:29,3.16106987,1.018259645
6/23/2018 13:31,3.071007729,1.018259645
6/23/2018 13:33,2.999979973,1.018259645
6/23/2018 13:35,3.859548569,1.018259645
6/23/2018 13:37,3.878709793,1.018259645
6/23/2018 13:39,3.882935524,1.018259645
6/23/2018 13:41,4.200125694,0.009562131
6/23/2018 13:43,4.329449654,0.11798276
6/23/2018 13:45,4.371922493,0.226651758
6/23/2018 13:47,4.400011063,0.332667142
6/23/2018 13:49,4.400042534,0.422192156
6/23/2018 13:51,4.39999485,0.496519595
6/23/2018 13:53,4.399972916,0.559673011
6/23/2018 13:55,4.40000248,0.614857674
6/23/2018 13:57,4.40002346,0.664103508
6/23/2018 13:59,4.400011063,0.708687723
6/23/2018 14:01,4.400020599,0.749404073
6/23/2018 14:03,4.400024414,0.786992729
6/23/2018 14:05,4.400042534,0.821871459
6/23/2018 14:07,4.400009155,0.854291022
6/23/2018 14:09,4.399961472,0.884557903
6/23/2018 14:11,4.399992943,0.912982106
6/23/2018 14:13,4.399989128,0.939777732
6/23/2018 14:15,4.400005341,0.965109348
6/23/2018 14:17,4.399971962,0.989048779
6/23/2018 14:19,4.400012016,1.011656284
6/23/2018 14:21,4.400027275,1.015783191
6/23/2018 14:23,4.268641472,1.015783548
6/23/2018 14:25,4.255582809,1.015783548
6/23/2018 14:27,4.252230644,1.015783548
6/23/2018 14:29,3.325642586,1.015783548
6/23/2018 14:31,3.249318123,1.015783548
6/23/2018 14:33,3.165094376,1.015783548
6/23/2018 14:35,3.077849388,1.015783548
6/23/2018 14:37,2.999991417,1.015783548
6/23/2018 14:39,3.8560009,1.015783548
6/23/2018 14:41,3.875267982,1.015783548
6/23/2018 14:43,3.879529953,1.015783548
6/23/2018 14:45,4.20008564,0.010913476
6/23/2018 14:47,4.325447083,0.119323201
6/23/2018 14:49,4.366861343,0.22797513
6/23/2018 14:51,4.40001297,0.334926218
6/23/2018 14:53,4.399990082,0.426136822
6/23/2018 14:55,4.400024414,0.501795411
6/23/2018 14:57,4.400025368,0.565987229
6/23/2018 14:59,4.400075912,0.621846974
6/23/2018 15:01,4.400006294,0.67154783
6/23/2018 15:03,4.399987221,0.716653645
6/23/2018 15:05,4.399969101,0.757949829
6/23/2018 15:07,4.40007782,0.796068966
6/23/2018 15:09,4.399973869,0.831498146
6/23/2018 15:11,4.400011063,0.864601731
6/23/2018 15:13,4.400000572,0.895535171
6/23/2018 15:15,4.399988174,0.924410522
6/23/2018 15:17,4.399975777,0.951450825
6/23/2018 15:19,4.400014877,0.976928294
6/23/2018 15:21,4.400019646,1.00102973
6/23/2018 15:23,4.399945259,1.023840547
6/23/2018 15:25,4.399999619,1.031722426
6/23/2018 15:27,4.267913818,1.031725883
6/23/2018 15:29,4.254757881,1.031725883
6/23/2018 15:31,4.251356125,1.031725883
6/23/2018 15:33,3.323112488,1.031725883
6/23/2018 15:35,3.246107101,1.031725883
6/23/2018 15:37,3.158856392,1.031725883
6/23/2018 15:39,3.071406364,1.031725883
6/23/2018 15:41,2.999998093,1.031725883
6/23/2018 15:43,3.85900116,1.031725883
6/23/2018 15:45,3.878176689,1.031725883
6/23/2018 15:47,3.882382393,1.031725883
6/23/2018 15:49,4.200072289,0.009702193
6/23/2018 15:51,4.328271866,0.118107095
6/23/2018 15:53,4.370804787,0.226776764
6/23/2018 15:55,4.399993896,0.333031565
6/23/2018 15:57,4.39997673,0.422683209
6/23/2018 15:59,4.399983406,0.4968701
6/23/2018 16:01,4.400026321,0.559952438
6/23/2018 16:03,4.400029182,0.615039468
6/23/2018 16:05,4.39996624,0.664090812
6/23/2018 16:07,4.400025368,0.708477795
6/23/2018 16:09,4.399999619,0.749106765
6/23/2018 16:11,4.399957657,0.786608875
6/23/2018 16:13,4.399954796,0.821519732
6/23/2018 16:15,4.400003433,0.854124427
6/23/2018 16:17,4.399978638,0.884654045
6/23/2018 16:19,4.39999485,0.913315773
6/23/2018 16:21,4.399954796,0.940187693
6/23/2018 16:23,4.400028229,0.96539402
6/23/2018 16:25,4.400003433,0.989129841
6/23/2018 16:27,4.400035858,1.011560082
6/23/2018 16:29,4.400006294,1.013252854
6/23/2018 16:31,4.26695919,1.01325357
6/23/2018 16:33,4.253736496,1.01325357
6/23/2018 16:35,4.250358582,1.01325357
6/23/2018 16:37,3.322909355,1.01325357
6/23/2018 16:39,3.247365952,1.01325357
6/23/2018 16:41,3.162241936,1.01325357
6/23/2018 16:43,3.074297905,1.01325357
6/23/2018 16:45,3,1.01325357
6/23/2018 16:47,3.856499672,1.01325357
6/23/2018 16:49,3.875753403,1.01325357
6/23/2018 16:51,3.880003929,1.01325357
6/23/2018 16:53,4.200083733,0.010809377
6/23/2018 16:55,4.325613022,0.119216107
6/23/2018 16:57,4.367706299,0.227890134
6/23/2018 16:59,4.399963379,0.334773511
6/23/2018 17:01,4.40003109,0.425679862
6/23/2018 17:03,4.400026321,0.500897586
6/23/2018 17:05,4.400040627,0.564621091
6/23/2018 17:07,4.400043488,0.620218515
6/23/2018 17:09,4.400016785,0.669788539
6/23/2018 17:11,4.399988174,0.71464628
6/23/2018 17:13,4.399983406,0.755751312
6/23/2018 17:15,4.399997711,0.793704093
6/23/2018 17:17,4.400007248,0.828864813
6/23/2018 17:19,4.399982452,0.861657023
6/23/2018 17:21,4.400048256,0.892385542
6/23/2018 17:23,4.400020599,0.921267688
6/23/2018 17:25,4.399975777,0.948478043
6/23/2018 17:27,4.399982452,0.97409904
6/23/2018 17:29,4.400025368,0.9981879
6/23/2018 17:31,4.400010109,1.020819306
6/23/2018 17:33,4.400037766,1.024756789
6/23/2018 17:35,4.267126083,1.024758816
6/23/2018 17:37,4.253773689,1.024758816
6/23/2018 17:39,4.25036335,1.024758816
6/23/2018 17:41,3.324145317,1.024758816
6/23/2018 17:43,3.247354507,1.024758816
6/23/2018 17:45,3.162582397,1.024758816
6/23/2018 17:47,3.075728416,1.024758816
6/23/2018 17:49,2.999991417,1.024758816
6/23/2018 17:51,3.856184959,1.024758816
6/23/2018 17:53,3.875337601,1.024758816
6/23/2018 17:55,3.879589081,1.024758816
6/23/2018 17:57,4.200097084,0.01143689
6/23/2018 17:59,4.322500229,0.119842038
6/23/2018 18:01,4.364880562,0.228513449
6/23/2018 18:03,4.399935722,0.335657746
6/23/2018 18:05,4.399995804,0.427077025
6/23/2018 18:07,4.400008202,0.502480805
6/23/2018 18:09,4.399997711,0.566179454
6/23/2018 18:11,4.399980545,0.621448636
6/23/2018 18:13,4.399995804,0.670656085
6/23/2018 18:15,4.399938583,0.715237617
6/23/2018 18:17,4.399894714,0.756101966
6/23/2018 18:19,4.400042534,0.793844879
6/23/2018 18:21,4.399973869,0.828926682
6/23/2018 18:23,4.400015831,0.861534417
6/23/2018 18:25,4.400061607,0.891992211
6/23/2018 18:27,4.400027275,0.920638978
6/23/2018 18:29,4.400020599,0.94767195
6/23/2018 18:31,4.400012016,0.973211527
6/23/2018 18:33,4.399991035,0.997364759
6/23/2018 18:35,4.399992943,1.020170927
6/23/2018 18:37,4.399950027,1.026435137
6/23/2018 18:39,4.267188072,1.026437283
6/23/2018 18:41,4.253871918,1.026437283
6/23/2018 18:43,4.250444412,1.026437283
6/23/2018 18:45,3.31905365,1.026437283
6/23/2018 18:47,3.241542816,1.026437283
6/23/2018 18:49,3.156405449,1.026437283
6/23/2018 18:51,3.067955971,1.026437283
6/23/2018 18:53,2.999987602,1.026437283
6/23/2018 18:55,3.859392166,1.026437283
6/23/2018 18:57,3.878490448,1.026437283
6/23/2018 18:59,3.882590294,1.026437283
6/23/2018 19:01,4.200117111,0.010279721
6/23/2018 19:03,4.325613022,0.118698955
6/23/2018 19:05,4.369070053,0.227354258
6/23/2018 19:07,4.400024414,0.333684832
6/23/2018 19:09,4.400016785,0.423398256
6/23/2018 19:11,4.400050163,0.497527629
6/23/2018 19:13,4.40003109,0.560210824
6/23/2018 19:15,4.39999485,0.614622056
6/23/2018 19:17,4.400052071,0.66291362
6/23/2018 19:19,4.399974823,0.706674695
6/23/2018 19:21,4.400019646,0.746870399
6/23/2018 19:23,4.400014877,0.784101725
6/23/2018 19:25,4.399983406,0.818769336
6/23/2018 19:27,4.399971962,0.85113281
6/23/2018 19:29,4.400009155,0.881357193
6/23/2018 19:31,4.39995575,0.909633517
6/23/2018 19:33,4.399973869,0.936267316
6/23/2018 19:35,4.399958611,0.961470723
6/23/2018 19:37,4.400000572,0.985329211
6/23/2018 19:39,4.400017738,1.007923126
6/23/2018 19:41,4.399965286,1.012207627
6/23/2018 19:43,4.267428398,1.012208343
6/23/2018 19:45,4.254084587,1.012208343
6/23/2018 19:47,4.250701904,1.012208343
6/23/2018 19:49,3.319192886,1.012208343
6/23/2018 19:51,3.244346619,1.012208343
6/23/2018 19:53,3.159912109,1.012208343
6/23/2018 19:55,3.073067665,1.012208343
6/23/2018 19:57,2.999991417,1.012208343
6/23/2018 19:59,3.855958939,1.012208343
6/23/2018 20:01,3.875245094,1.012208343
6/23/2018 20:03,3.879512787,1.012208343
6/23/2018 20:05,4.200090408,0.011771835
6/23/2018 20:07,4.320840836,0.120175906
6/23/2018 20:09,4.362909317,0.228837937
6/23/2018 20:11,4.400071144,0.336130828
6/23/2018 20:13,4.400018692,0.427808911
6/23/2018 20:15,4.400053024,0.503458023
6/23/2018 20:17,4.400107384,0.567473888
6/23/2018 20:19,4.39997673,0.623027503
6/23/2018 20:21,4.400030136,0.672258854
6/23/2018 20:23,4.400044441,0.716659129
6/23/2018 20:25,4.400016785,0.757309139
6/23/2018 20:27,4.400036812,0.794925034
6/23/2018 20:29,4.400005341,0.829922557
6/23/2018 20:31,4.399992943,0.862594128
6/23/2018 20:33,4.400017738,0.893176794
6/23/2018 20:35,4.399986267,0.921764255
6/23/2018 20:37,4.400029182,0.948560417
6/23/2018 20:39,4.4000597,0.97382766
6/23/2018 20:41,4.399971962,0.997839332
6/23/2018 20:43,4.400009155,1.020684361
6/23/2018 20:45,4.40002346,1.031140208
6/23/2018 20:47,4.26834774,1.031141281
6/23/2018 20:49,4.25508213,1.031141281
6/23/2018 20:51,4.251605034,1.031141281
6/23/2018 20:53,3.332290649,1.031141281
6/23/2018 20:55,3.254950523,1.031141281
6/23/2018 20:57,3.169567108,1.031141281
6/23/2018 20:59,3.084685326,1.031141281
6/23/2018 21:01,2.999980927,1.031141281
6/23/2018 21:03,3.8520298,1.031141281
6/23/2018 21:05,3.871511459,1.031141281
6/23/2018 21:07,3.875849724,1.031141281
6/23/2018 21:09,4.200120926,0.012971873
6/23/2018 21:11,4.319081306,0.121375754
6/23/2018 21:13,4.359481812,0.230040386
6/23/2018 21:15,4.400001526,0.337842315
6/23/2018 21:17,4.400069237,0.430918425
6/23/2018 21:19,4.400009155,0.50769496
6/23/2018 21:21,4.399987221,0.572492003
6/23/2018 21:23,4.400045395,0.628739238
6/23/2018 21:25,4.400027275,0.678623617
6/23/2018 21:27,4.399973869,0.723636448
6/23/2018 21:29,4.399950981,0.764831424
6/23/2018 21:31,4.399967194,0.802965105
6/23/2018 21:33,4.400004387,0.838464379
6/23/2018 21:35,4.40001297,0.871616602
6/23/2018 21:37,4.400010109,0.90267992
6/23/2018 21:39,4.399991035,0.931842148
6/23/2018 21:41,4.40001297,0.959162712
6/23/2018 21:43,4.400038719,0.984791994
6/23/2018 21:45,4.399927139,1.008951187
6/23/2018 21:47,4.400042534,1.031882167
6/23/2018 21:49,4.400017738,1.044388771
6/23/2018 21:51,4.266658783,1.044390798
6/23/2018 21:53,4.253221512,1.044390798
6/23/2018 21:55,4.24966526,1.044390798
6/23/2018 21:57,3.322464943,1.044390798
6/23/2018 21:59,3.244170189,1.044390798
6/23/2018 22:01,3.159064293,1.044390798
6/23/2018 22:03,3.07162571,1.044390798
6/23/2018 22:05,2.999983788,1.044390798
6/23/2018 22:07,3.857942581,1.044390798
6/23/2018 22:09,3.876959801,1.044390798
6/23/2018 22:11,3.881103516,1.044390798
6/23/2018 22:13,4.200131416,0.010932572
6/23/2018 22:15,4.322693825,0.119346812
6/23/2018 22:17,4.364733696,0.228001058
6/23/2018 22:19,4.400072098,0.334993571
6/23/2018 22:21,4.400016785,0.425784409
6/23/2018 22:23,4.399991989,0.500355363
6/23/2018 22:25,4.400042534,0.563254297
6/23/2018 22:27,4.399982452,0.617836297
6/23/2018 22:29,4.400029182,0.666356385
6/23/2018 22:31,4.399997711,0.710209489
6/23/2018 22:33,4.399983406,0.750378728
6/23/2018 22:35,4.399945259,0.787578821
6/23/2018 22:37,4.400005341,0.822254241
6/23/2018 22:39,4.400065422,0.85468632
6/23/2018 22:41,4.39999485,0.885100543
6/23/2018 22:43,4.399938583,0.913660109
6/23/2018 22:45,4.399996758,0.940425396
6/23/2018 22:47,4.400017738,0.965571582
6/23/2018 22:49,4.400071144,0.989245415
6/23/2018 22:51,4.400019646,1.011628389
6/23/2018 22:53,4.400035858,1.012614012
6/23/2018 22:55,4.265625954,1.012616992
6/23/2018 22:57,4.252033234,1.012616992
6/23/2018 22:59,4.24851799,1.012616992
6/23/2018 23:01,3.3191185,1.012616992
6/23/2018 23:03,3.242650032,1.012616992
6/23/2018 23:05,3.156241417,1.012616992
6/23/2018 23:07,3.066177368,1.012616992
6/23/2018 23:09,2.999997139,1.012616992
6/23/2018 23:11,3.859828949,1.012616992
6/23/2018 23:13,3.878881454,1.012616992
6/23/2018 23:15,3.883073807,1.012616992
6/23/2018 23:17,4.200040817,0.009697849
6/23/2018 23:19,4.325704575,0.118113637
6/23/2018 23:21,4.367465973,0.226778671
6/23/2018 23:23,4.400009155,0.333489448
6/23/2018 23:25,4.399947166,0.423868626
6/23/2018 23:27,4.399983406,0.498385102
6/23/2018 23:29,4.39995575,0.561040342
6/23/2018 23:31,4.400040627,0.615223825
6/23/2018 23:33,4.400001526,0.663279235
6/23/2018 23:35,4.39993,0.706778109
6/23/2018 23:37,4.399989128,0.746646583
6/23/2018 23:39,4.399979591,0.783489585
6/23/2018 23:41,4.400004387,0.817897439
6/23/2018 23:43,4.400001526,0.850182772
6/23/2018 23:45,4.399987221,0.88049674
6/23/2018 23:47,4.399989128,0.908977926
6/23/2018 23:49,4.400022507,0.935769141
6/23/2018 23:51,4.400008202,0.960934877
6/23/2018 23:53,4.399989128,0.984561801
6/23/2018 23:55,4.40002346,1.004729271
6/23/2018 23:57,4.266555786,1.004732013
6/23/2018 23:59,4.253032684,1.004732013
6/24/2018 0:01,4.249524117,1.004732013
6/24/2018 0:03,3.318770409,1.004732013
6/24/2018 0:05,3.241599083,1.004732013
6/24/2018 0:07,3.155085564,1.004732013
6/24/2018 0:09,3.067569733,1.004732013
6/24/2018 0:11,2.99998188,1.004732013
6/24/2018 0:13,3.859864235,1.004732013
6/24/2018 0:15,3.879119873,1.004732013
6/24/2018 0:17,3.883232117,1.004732013
6/24/2018 0:19,4.200088501,0.009193459
6/24/2018 0:21,4.330061913,0.11760553
6/24/2018 0:23,4.371062279,0.226271391
6/24/2018 0:25,4.400046349,0.332612932
6/24/2018 0:27,4.399980545,0.422611207
6/24/2018 0:29,4.400028229,0.497248232
6/24/2018 0:31,4.4000597,0.560489297
6/24/2018 0:33,4.399975777,0.615317225
6/24/2018 0:35,4.399983406,0.663731933
6/24/2018 0:37,4.400022507,0.707248211
6/24/2018 0:39,4.39999485,0.746990979
6/24/2018 0:41,4.399989128,0.783677161
6/24/2018 0:43,4.399993896,0.81782341
6/24/2018 0:45,4.399981499,0.849813104
6/24/2018 0:47,4.399959564,0.879955113
6/24/2018 0:49,4.40004158,0.908385813
6/24/2018 0:51,4.399978638,0.935210526
6/24/2018 0:53,4.400012016,0.960509419
6/24/2018 0:55,4.400057793,0.984306872
6/24/2018 0:57,4.400055885,1.005130649
6/24/2018 0:59,4.2666502,1.005132794
6/24/2018 1:01,4.253056526,1.005132794
6/24/2018 1:03,4.249554634,1.005132794
6/24/2018 1:05,3.31101799,1.005132794
6/24/2018 1:07,3.234107971,1.005132794
6/24/2018 1:09,3.149703979,1.005132794
6/24/2018 1:11,3.060836792,1.005132794
6/24/2018 1:13,2.999984741,1.005132794
6/24/2018 1:15,3.862446785,1.005132794
6/24/2018 1:17,3.881435394,1.005132794
6/24/2018 1:19,3.885604858,1.005132794
6/24/2018 1:21,4.200084686,0.008957413
6/24/2018 1:23,4.330773354,0.117371298
6/24/2018 1:25,4.376318932,0.226036802
6/24/2018 1:27,4.399974823,0.331171155
6/24/2018 1:29,4.399988174,0.419207126
6/24/2018 1:31,4.400017738,0.492405117
6/24/2018 1:33,4.400025368,0.554793775
6/24/2018 1:35,4.399991989,0.609252512
6/24/2018 1:37,4.39999485,0.65758729
6/24/2018 1:39,4.399938583,0.701068819
6/24/2018 1:41,4.40004158,0.740631521
6/24/2018 1:43,4.39996624,0.777025998
6/24/2018 1:45,4.399975777,0.810805559
6/24/2018 1:47,4.399991989,0.842349291
6/24/2018 1:49,4.400012016,0.871975958
6/24/2018 1:51,4.400003433,0.899994075
6/24/2018 1:53,4.400014877,0.926536977
6/24/2018 1:55,4.40001297,0.951639414
6/24/2018 1:57,4.39995575,0.975380242
6/24/2018 1:59,4.400020599,0.997804642
6/24/2018 2:01,4.39995575,0.997832894
6/24/2018 2:03,4.267889023,0.997833788
6/24/2018 2:05,4.254620552,0.997833788
6/24/2018 2:07,4.251252174,0.997833788
6/24/2018 2:09,3.315667152,0.997833788
6/24/2018 2:11,3.237454414,0.997833788
6/24/2018 2:13,3.150995255,0.997833788
6/24/2018 2:15,3.060873985,0.997833788
6/24/2018 2:17,2.999996185,0.997833788
6/24/2018 2:19,3.863084793,0.997833788
6/24/2018 2:21,3.882074356,0.997833788
6/24/2018 2:23,3.886260986,0.997833788
6/24/2018 2:25,4.200076103,0.009262701
6/24/2018 2:27,4.327448845,0.117680103
6/24/2018 2:29,4.373396873,0.226337805
6/24/2018 2:31,4.399991035,0.331675977
6/24/2018 2:33,4.399961472,0.419519007
6/24/2018 2:35,4.400017738,0.492154241
6/24/2018 2:37,4.400061607,0.553874195
6/24/2018 2:39,4.399957657,0.607805014
6/24/2018 2:41,4.400046349,0.655931771
6/24/2018 2:43,4.399964333,0.699449241
6/24/2018 2:45,4.40000248,0.739223421
6/24/2018 2:47,4.400037766,0.775895357
6/24/2018 2:49,4.400034904,0.809877217
6/24/2018 2:51,4.400050163,0.841504216
6/24/2018 2:53,4.400011063,0.871042132
6/24/2018 2:55,4.39998436,0.898750484
6/24/2018 2:57,4.400015831,0.924908221
6/24/2018 2:59,4.400017738,0.949643672
6/24/2018 3:01,4.399998665,0.973008096
6/24/2018 3:03,4.400053978,0.989883542
6/24/2018 3:05,4.267268181,0.989886165
6/24/2018 3:07,4.253927231,0.989886165
6/24/2018 3:09,4.250554085,0.989886165
6/24/2018 3:11,3.313601494,0.989886165
6/24/2018 3:13,3.234621048,0.989886165
6/24/2018 3:15,3.147686958,0.989886165
6/24/2018 3:17,3.056416512,0.989886165
6/24/2018 3:19,2.999995232,0.989886165
6/24/2018 3:21,3.864600182,0.989886165
6/24/2018 3:23,3.883561134,0.989886165
6/24/2018 3:25,3.887648582,0.989886165
6/24/2018 3:27,4.200023651,0.008222764
6/24/2018 3:29,4.331127167,0.11663533
6/24/2018 3:31,4.376322746,0.225291997
6/24/2018 3:33,4.400069237,0.330143213
6/24/2018 3:35,4.399975777,0.417134702
6/24/2018 3:37,4.400033951,0.488856345
6/24/2018 3:39,4.40002346,0.549726605
6/24/2018 3:41,4.400012016,0.602904975
6/24/2018 3:43,4.400042534,0.650397778
6/24/2018 3:45,4.400043488,0.693600416
6/24/2018 3:47,4.400080681,0.733258724
6/24/2018 3:49,4.400045395,0.769829869
6/24/2018 3:51,4.400006294,0.80379355
6/24/2018 3:53,4.399993896,0.835490048
6/24/2018 3:55,4.399964333,0.86509943
6/24/2018 3:57,4.39998436,0.892807007
6/24/2018 3:59,4.400014877,0.918781877
6/24/2018 4:01,4.400029182,0.943250656
6/24/2018 4:03,4.399978638,0.966426015
6/24/2018 4:05,4.399982452,0.981797457
6/24/2018 4:07,4.267036438,0.98179996
6/24/2018 4:09,4.25366497,0.98179996
6/24/2018 4:11,4.250219345,0.98179996
6/24/2018 4:13,3.317662239,0.98179996
6/24/2018 4:15,3.23671627,0.98179996
6/24/2018 4:17,3.148690224,0.98179996
6/24/2018 4:19,3.056376457,0.98179996
6/24/2018 4:21,2.999990463,0.98179996
6/24/2018 4:23,3.864067078,0.98179996
6/24/2018 4:25,3.883207321,0.98179996
6/24/2018 4:27,3.887361526,0.98179996
6/24/2018 4:29,4.200016022,0.007630485
